iso_code,country,year,co2_per_capita,co2_growth_rate,coal_share,renewables_share,anomaly_score,is_anomaly
ABW,Aruba,2000,26.787,193.58024691358025,12.571496770996148,0.0,-0.06416178458440802,1
ABW,Aruba,2008,27.157,-5.848989719957465,12.571496770996148,0.0,-0.006324503589806962,1
AFG,Afghanistan,2008,0.161,51.928571428571416,25.317348377997178,0.3526093088857465,-0.012450085439545178,1
AGO,Angola,1994,0.857,97.51217814892136,12.571496770996148,60.91781907865763,-0.0852526443616578,1
AGO,Angola,1995,0.921,11.1336210693209,12.571496770996148,67.82119362764524,-0.0046968969381817605,1
AGO,Angola,1996,1.076,20.8607434413886,12.571496770996148,71.69650468883205,-0.020411710212953516,1
AGO,Angola,1997,1.083,4.16420748901567,12.571496770996148,72.31805590531353,-0.0004098865890000969,1
AGO,Angola,1998,1.089,3.959959707882144,12.571496770996148,76.6971477018107,-0.003404784162766905,1
AGO,Angola,2000,0.988,-7.334453392039864,12.571496770996148,70.28446389496717,-0.003206335047507891,1
AGO,Angola,2005,0.798,-9.573342736248224,12.571496770996148,61.11652693832456,-0.002598951093409241,1
AGO,Angola,2016,0.873,-7.413197600436272,12.571496770996148,38.47875598837666,-0.00024997276783778055,1
ARE,United Arab Emirates,1990,27.346,1.9077901430842648,12.571496770996148,6.902596902211613,-0.07191072828578982,1
ARE,United Arab Emirates,1993,29.626,13.493664339281075,12.571496770996148,4.171223720986745,-0.08826288329486653,1
ARE,United Arab Emirates,1994,32.364,14.458014339530934,12.571496770996148,7.327140013271389,-0.09447872411650249,1
ARE,United Arab Emirates,1995,29.932,-3.285998672859991,12.571496770996148,8.141449625380787,-0.056429193888405504,1
ARE,United Arab Emirates,1996,29.195,4.064549770837345,12.571496770996148,8.183448494118892,-0.04606984441091255,1
ARE,United Arab Emirates,1997,26.016,-3.3466955008175536,12.571496770996148,7.092962973068836,-0.018656677122888654,1
ARE,United Arab Emirates,1998,26.517,9.996179977625586,12.571496770996148,6.9469767441860455,-0.025608698598587276,1
ARE,United Arab Emirates,2000,32.138,44.23333847181543,12.571496770996148,4.7462971044826645,-0.05091627725443404,1
ARE,United Arab Emirates,2002,21.536,-16.37257595980216,0.4212972199077606,5.889946369685362,-0.016232175517606806,1
ARE,United Arab Emirates,2003,25.547,25.6920892352106,0.3930685489141599,5.200455623401126,-0.010885945730490842,1
ARE,United Arab Emirates,2008,24.598,15.60516916101802,0.8862800748242275,6.95284783590273,-0.03600998359841023,1
ARE,United Arab Emirates,2024,20.131,5.495069502197936,1.944699713498027,3.450186496567383,-0.00594674465474665,1
AUS,Australia,2008,18.918,1.3494745497573346,50.630381493968265,3.800593154727309,-0.0075110383825646165,1
AZE,Azerbaijan,1995,4.315,-20.588866372630832,0.0450328739980185,0.3032213515866573,-0.002350748959481841,1
BHR,Bahrain,1990,22.327,1.9077901430842648,12.571496770996148,1.4210854715202004e-14,-0.09140380454773966,1
BHR,Bahrain,1991,21.3,-1.4355315816947931,12.571496770996148,1.4210854715202004e-14,-0.09306590907707002,1
BHR,Bahrain,1992,18.99,-8.182540383087666,12.571496770996148,0.0,-0.08404681957904347,1
BHR,Bahrain,1993,29.758,61.00749855796965,12.571496770996148,1.4210854715202004e-14,-0.17252484483384034,1
BHR,Bahrain,1994,24.832,-14.306185813231432,12.571496770996148,0.0069676700111358,-0.10390500433743421,1
BHR,Bahrain,1995,24.854,2.7313266443701245,12.571496770996148,0.0,-0.08204827966394646,1
BHR,Bahrain,1996,26.195,8.125339120998376,12.571496770996148,0.0,-0.10091482974331734,1
BHR,Bahrain,1997,27.597,8.02283276878686,12.571496770996148,0.0,-0.11246898137220018,1
BHR,Bahrain,1998,28.583,6.126241217118622,12.571496770996148,0.0,-0.10314447038815788,1
BHR,Bahrain,1999,27.885,-0.1203764499890458,12.571496770996148,0.0,-0.08830987590579076,1
BHR,Bahrain,2000,28.673,5.176947518352137,12.571496770996148,0.0,-0.08723880187288513,1
BHR,Bahrain,2001,28.115,2.500130215115348,12.571496770996148,0.0,-0.07866901653854941,1
BHR,Bahrain,2002,26.737,2.200315056659385,12.571496770996148,0.0,-0.09031347449189964,1
BHR,Bahrain,2003,25.856,4.295942720763724,12.571496770996148,0.0,-0.05914868358820813,1
BHR,Bahrain,2004,24.331,1.0869565217391353,12.571496770996148,0.0,-0.051963187734262895,1
BHR,Bahrain,2005,26.256,15.482927749481211,12.571496770996148,0.0040837995671125,-0.06860747217789154,1
BHR,Bahrain,2006,24.166,-1.8417936047698704,12.571496770996148,1.4210854715202004e-14,-0.03299723727620174,1
BHR,Bahrain,2007,25.18,10.775503411549336,12.571496770996148,0.0,-0.04502732103404283,1
BHR,Bahrain,2008,26.344,10.887853977315398,12.571496770996148,0.0,-0.08953501238450168,1
BHR,Bahrain,2009,23.773,-4.697713801862813,12.571496770996148,1.0377425545525654,-0.01535954462091127,1
BHR,Bahrain,2013,24.839,14.800382324829052,12.571496770996148,2.183937491994385,-0.018427872999913775,1
BHR,Bahrain,2016,22.129,-2.7243934688355176,12.571496770996148,2.373952900268705,-0.01735430455178133,1
BHR,Bahrain,2019,25.319,15.040675270658754,12.571496770996148,1.5737983836665137,-0.04415790331895464,1
BHR,Bahrain,2020,25.238,-0.4971288813270913,12.571496770996148,1.8434903417136468,-0.02750995648902521,1
BHR,Bahrain,2022,24.668,4.307183234523637,12.571496770996148,1.3218071747693472,-0.0022512688480709198,1
BHR,Bahrain,2023,24.71,2.5378697755571444,12.571496770996148,1.296826256219859,-0.020341690953308178,1
BHR,Bahrain,2024,24.27,0.556887616985069,12.571496770996148,1.1409378765736022,-0.01934596723914872,1
BIH,Bosnia and Herzegovina,1997,2.082,97.31132075471696,74.62347597418122,0.9442983504661696,-0.049515754208885654,1
BIH,Bosnia and Herzegovina,2016,6.258,17.735644637053085,74.33054200791386,1.4815496457163988,-0.0064912236425120895,1
BIH,Bosnia and Herzegovina,2023,6.242,-4.15561876295617,72.3756350284191,1.9264624515869289,-0.004006254231375239,1
BRN,Brunei,1991,25.994,36.27470553004591,12.571496770996148,17.60914151772633,-0.021317893136097332,1
BRN,Brunei,2008,24.26,13.482728735916805,12.571496770996148,6.731398647174345,-0.0002785073080093792,1
BRN,Brunei,2020,24.937,16.656210790464243,19.10907950165815,2.5634131038809755,-0.011326282296164059,1
BRN,Brunei,2023,27.241,2.173735392661591,23.842277853315203,1.711589218587534,-0.046190847898444076,1
BRN,Brunei,2024,26.046,-3.607134287770941,24.91702621971457,1.5682044473946206,-0.04500067981227329,1
BTN,Bhutan,2008,0.942,62.72040302267001,52.1671826625387,13.777089783281724,-0.058710180262730005,1
BTN,Bhutan,2016,2.086,8.786610878661104,39.35897435897436,29.935897435897445,-0.007603021179399927,1
BTN,Bhutan,2020,1.576,-22.42811501597444,40.0329489291598,26.60626029654037,-0.021846311355130155,1
BTN,Bhutan,2023,2.072,5.161290322580636,51.59509202453988,19.2638036809816,-0.013599197173745692,1
BTN,Bhutan,2024,2.094,1.6564417177914237,51.116475558237774,18.88955944477973,-0.009390324136331896,1
CHN,China,2008,5.617,7.423168689297266,76.46902115796212,8.58524179956126,-0.034875700058418,1
CHN,China,2011,6.999,10.57026627493829,76.78069879759285,8.830330773045361,-0.008397070001921803,1
CHN,China,2023,8.556,3.929376232943693,71.81140763205154,7.16924379533404,-0.01370416157853982,1
CHN,China,2024,8.658,0.9614518030671926,72.30852181501285,6.576788726407116,-0.014512482254698145,1
CMR,Cameroon,1994,0.384,70.27215631542218,0.081967213114754,45.778688524590166,-0.03644395137501033,1
COD,Democratic Republic of Congo,2000,0.034,-22.46475670759436,0.0,51.67155425219942,-0.021983431144999566,1
COD,Democratic Republic of Congo,2001,0.032,-3.4017595307917925,0.0,58.16636308439588,-0.007004182862463626,1
COD,Democratic Republic of Congo,2002,0.032,5.2823315118397,0.2883506343713956,56.805074971164935,-0.02226399417404956,1
COD,Democratic Republic of Congo,2003,0.038,20.87658592848904,0.0954198473282442,56.727099236641216,-0.02305207647114782,1
COD,Democratic Republic of Congo,2004,0.036,-3.244274809160308,0.2958579881656805,50.93688362919132,-0.0046839296919035656,1
COD,Democratic Republic of Congo,2008,0.042,2.363705680518491,1.266294227188082,37.20670391061452,-0.01143279870635594,1
COG,Congo,1994,1.266,191.7241379310345,12.571496770996148,48.78841607565011,-0.07357302828968237,1
COG,Congo,1995,1.173,-4.698581560283688,12.571496770996148,64.43410852713178,-0.0016346603762357192,1
COG,Congo,1996,1.428,25.1782945736434,12.571496770996148,67.32722318553381,-0.03222212946505665,1
COG,Congo,1997,1.673,19.66807034926927,12.571496770996148,60.40157317325605,-0.01062516996258378,1
COG,Congo,1998,1.311,-19.91306147795488,12.571496770996148,90.82450245541484,-0.06637834976744073,1
COG,Congo,1999,1.291,1.2147841819591498,12.571496770996148,90.73033707865169,-0.04604489805908196,1
COG,Congo,2000,1.359,9.397344228804894,12.571496770996148,88.95891690009337,-0.05431275835204363,1
COG,Congo,2001,1.277,-2.474323062558359,12.571496770996148,85.51938726663475,-0.04335207297887633,1
COG,Congo,2002,0.812,-34.89707994255624,12.571496770996148,81.94852941176471,-0.09083974628552904,1
COG,Congo,2003,0.946,19.77941176470588,12.571496770996148,75.13812154696133,-0.039574451464388316,1
COG,Congo,2004,0.995,8.931860036832418,12.571496770996148,75.82417582417582,-0.03918723998683604,1
COG,Congo,2005,1.177,22.62609185686111,12.571496770996148,78.01011029411765,-0.05593825106358863,1
COG,Congo,2006,1.247,9.972426470588225,12.571496770996148,77.26702883409945,-0.03369095308516068,1
COG,Congo,2007,1.07,-11.011282908483055,12.571496770996148,72.48180324019724,-0.028337046149273903,1
COG,Congo,2008,1.038,0.2582765907489737,12.571496770996148,69.78922716627635,-0.0497494268694888,1
COG,Congo,2009,1.155,15.784543325526943,12.571496770996148,65.97896440129449,-0.014600443650555128,1
COG,Congo,2019,1.299,11.443850267379684,12.571496770996148,47.05237181244858,-0.008527935227527594,1
COG,Congo,2020,1.335,5.250891143405534,12.571496770996148,46.82818809430767,-0.006885526154549293,1
COG,Congo,2023,1.338,-5.201649862511459,12.571496770996148,42.156151800821846,-0.020126271172925203,1
COG,Congo,2024,1.396,6.8407058254774,12.571496770996148,45.10180995475113,-0.017859532116984655,1
CUW,Curacao,1993,31.523,54.35816164817751,0.0,0.0,-0.04155698942701391,1
CUW,Curacao,1999,12.704,648.4,0.0,0.0,-0.021730724711448324,1
CUW,Curacao,2000,34.11,165.3126670229824,0.0,0.0,-0.0866339805157017,1
CUW,Curacao,2002,33.401,-3.580613254203757,0.0,0.0,-0.013924542327955924,1
CUW,Curacao,2004,34.157,4.921058027475911,0.0,0.0,-0.009710054980279548,1
CUW,Curacao,2005,33.514,-0.8989642368575357,0.0,0.0,-0.0010334911186539175,1
CUW,Curacao,2006,34.655,4.220074935910079,0.0,0.0,-0.007328052450782274,1
CUW,Curacao,2007,38.72,12.58278145695364,0.0,0.0,-0.034024553702481364,1
CUW,Curacao,2008,36.975,-3.81512605042017,0.0,0.0,-0.051275481360182784,1
CUW,Curacao,2009,37.58,2.323955967150093,0.0,0.0,-0.021490398110066367,1
CUW,Curacao,2011,32.452,27.56569162121965,0.0,0.0,-0.04129388592751859,1
CUW,Curacao,2012,39.076,22.1725612125923,12.571496770996148,0.0,-0.041825817904742935,1
CUW,Curacao,2014,41.182,14.581928523263633,12.571496770996148,0.0,-0.015509065623262708,1
CUW,Curacao,2015,44.002,7.871119611593347,12.571496770996148,0.0,-0.03051833188031683,1
CUW,Curacao,2016,36.97,-15.398254228041452,12.571496770996148,0.0,-0.05075170887103164,1
CUW,Curacao,2017,29.482,-19.909721102692245,12.571496770996148,0.0,-0.008989722629375918,1
EST,Estonia,1990,23.503,1.9077901430842648,66.20874654527718,1.6718148810491584,-0.03702839086320553,1
EST,Estonia,1991,21.806,-7.50826423887715,66.05243884575948,1.8338948293540227,-0.04637648196262234,1
EST,Estonia,1992,15.85,-28.481031199648456,72.89558841600787,1.556547740957683,-0.03930258449209201,1
EST,Estonia,1993,12.918,-20.39896776307705,69.92744300931406,1.281325580198626,-0.004761960053575209,1
EST,Estonia,2007,14.866,21.24346027497264,71.54039136979428,3.266432513798293,-0.012028539772463542,1
EST,Estonia,2008,13.324,-10.612142498745602,69.16643278136401,3.6486107213022905,-0.02663923817644709,1
EST,Estonia,2010,14.244,31.65567511280807,75.20168731874506,1.84023200632744,-0.026951383822541697,1
EST,Estonia,2011,14.275,-0.0896388083311383,74.84694954612624,2.411864048976156,-0.0003552356064757678,1
EST,Estonia,2013,14.898,10.545577388660554,74.01446470408474,3.5754303758785966,-0.0033309441527410444,1
EST,Estonia,2016,13.248,10.475285171102655,73.21172488957724,1.4455343314403706,-0.03323219539662503,1
EST,Estonia,2019,9.261,-30.970170215156443,63.28125,3.0517578125,-0.003520508222447649,1
EST,Estonia,2023,6.396,-26.9262911582818,56.884720951509614,0.6747483989020964,-0.02058652414048867,1
GAB,Gabon,1990,4.559,1.9077901430842648,12.571496770996148,76.56633221850613,-0.00851639100771684,1
GAB,Gabon,1991,4.473,0.8249721293199563,12.571496770996148,76.0061919504644,-0.006778277290785395,1
GAB,Gabon,1992,4.735,8.735072976559044,12.571496770996148,74.88305877567623,-0.013424440753360689,1
GAB,Gabon,1993,4.665,1.179581045352851,12.571496770996148,74.15075376884423,-0.004167241311572534,1
GAB,Gabon,1994,4.149,-8.703517587939691,12.571496770996148,80.1629238221048,-0.021195277289068004,1
GAB,Gabon,1995,4.648,14.927344782034346,12.571496770996148,78.5632183908046,-0.027506770109510414,1
GAB,Gabon,1996,5.109,12.758620689655189,12.571496770996148,78.64424057084608,-0.023627352870858154,1
GAB,Gabon,1997,4.678,-6.099218484539581,12.571496770996148,77.00379952958205,-0.016063352499137373,1
GAB,Gabon,1998,5.325,16.75411615704723,12.571496770996148,77.49883774988378,-0.03063825319784641,1
GAB,Gabon,1999,4.838,-6.803037346970397,12.571496770996148,78.53342201529765,-0.016866596459984784,1
GAB,Gabon,2000,4.804,1.895576987030268,12.571496770996148,79.19386422976501,-0.013255542254342556,1
GAB,Gabon,2001,4.948,5.744125326370764,12.571496770996148,76.82098765432099,-0.016163009215326873,1
GAB,Gabon,2002,4.647,-3.549382716049388,12.571496770996148,76.976,-0.02668918503583384,1
GAB,Gabon,2003,4.88,7.93600000000001,12.571496770996148,78.80225318707383,-0.025257776425350098,1
GAB,Gabon,2004,4.492,-5.336495701156241,12.571496770996148,76.83996241778891,-0.026995183568535364,1
GAB,Gabon,2005,4.252,-2.552458502975264,12.571496770996148,73.0355134179656,-0.021100670985452874,1
GAB,Gabon,2006,3.675,-10.927205527880435,12.571496770996148,68.73534187263215,-0.016189287561342636,1
GAB,Gabon,2007,3.237,-9.110589933249136,12.571496770996148,62.54466057959508,-0.0060956307503579055,1
GAB,Gabon,2008,3.347,6.768558951965042,12.571496770996148,63.56200037181632,-0.04263049277257802,1
GAB,Gabon,2016,2.672,-2.754677754677748,12.571496770996148,52.41403883841083,-0.031039926257507178,1
GAB,Gabon,2017,2.55,-1.995367895955813,12.571496770996148,53.97200508998364,-0.0021266749899423454,1
GAB,Gabon,2019,2.473,0.7909401402121263,12.571496770996148,52.57713572320315,-0.02126889233540674,1
GAB,Gabon,2020,2.427,0.517210629570175,12.571496770996148,52.60823278921221,-0.022812967208140855,1
GAB,Gabon,2023,2.141,-7.98893307971642,12.571496770996148,46.08156361586168,-0.027134616207928675,1
GAB,Gabon,2024,2.126,1.4658898703251433,12.571496770996148,46.13817373587702,-0.016638685830248634,1
GNQ,Equatorial Guinea,1994,2.089,1541.4285714285716,12.571496770996148,93.64664926022628,-0.15113038412005952,1
GNQ,Equatorial Guinea,1995,2.142,6.440382941688427,12.571496770996148,93.37694194603434,-0.042524001475849005,1
GNQ,Equatorial Guinea,1996,2.29,11.120196238757153,12.571496770996148,90.28697571743928,-0.05242326827396626,1
GNQ,Equatorial Guinea,1997,3.201,45.32744665194996,12.571496770996148,84.60759493670886,-0.09141537695681845,1
GNQ,Equatorial Guinea,1998,3.578,16.202531645569618,12.571496770996148,88.80174291938998,-0.06224079362104451,1
GNQ,Equatorial Guinea,1999,3.763,9.411764705882364,12.571496770996148,86.89765033851056,-0.057277591872109346,1
GNQ,Equatorial Guinea,2000,3.838,7.487056949422532,12.571496770996148,83.95702111893294,-0.03908710794367365,1
GNQ,Equatorial Guinea,2001,4.122,14.52389773990368,12.571496770996148,84.11517308314461,-0.0650193680802218,1
GNQ,Equatorial Guinea,2002,3.465,-10.546748625040436,12.571496770996148,70.81374321880651,-0.04552415929563214,1
GNQ,Equatorial Guinea,2003,3.691,13.200723327305596,12.571496770996148,68.370607028754,-0.018076408756892426,1
GNQ,Equatorial Guinea,2004,6.82,96.07028753993607,12.571496770996148,41.12758676877953,-0.0766207538790844,1
IRQ,Iraq,1992,3.225,29.700032963410617,0.0,1.807861741782446,-0.008899829118956037,1
IRQ,Iraq,1994,3.802,21.03915400787189,0.0,8.343672051506417,-0.0301442744641508,1
IRQ,Iraq,2008,3.256,53.7377161389156,0.0,17.27778661154396,-0.012475206116701831,1
ISL,Iceland,2008,12.004,9.072696050372064,16.767252689582786,6.848596168984514,-0.008770095303862524,1
KAZ,Kazakhstan,1991,15.072,-2.611768665507374,65.83992842359105,3.47744613529629,-0.009715097070173262,1
KAZ,Kazakhstan,1992,13.473,-10.328660131095411,68.71999760194927,3.630477511851069,-0.024033242173254976,1
KAZ,Kazakhstan,1993,12.015,-11.11839090796196,69.22706314830964,3.4804561594534533,-0.013696635022285908,1
KAZ,Kazakhstan,1994,10.248,-15.84513319104448,67.87846866394536,3.578155503775676,-0.017746386430724792,1
KAZ,Kazakhstan,2008,13.764,0.1727865598639022,55.34227914834897,7.9760462092330044,-0.005250884363851904,1
KAZ,Kazakhstan,2016,16.431,-0.4332589786571472,61.47332628529956,6.454916334978236,-0.015249046239608544,1
KAZ,Kazakhstan,2019,15.411,-10.174408020098792,60.87589514930415,5.936359951357929,-0.005603722727747118,1
KAZ,Kazakhstan,2020,14.464,-4.813876503175263,65.63918392840034,6.207126608916582,-6.4981377766448745e-06,1
KAZ,Kazakhstan,2023,14.076,4.311708572386697,57.03398270289159,6.847907748755134,-0.025725411779419338,1
KAZ,Kazakhstan,2024,13.937,0.2903817594129387,55.806150394068425,6.827383399650174,-0.02252796549641356,1
KWT,Kuwait,1991,364.791,1202.0072366162217,12.571496770996148,5.771036900151927,-0.2164714802915344,1
KWT,Kuwait,1992,18.155,-93.9788510261086,0.0,4.089883098069606,-0.017874379028332332,1
KWT,Kuwait,1993,29.401,65.62678974497187,0.0,1.265179098102223,-0.08283735573590612,1
KWT,Kuwait,1994,34.406,16.479873075280203,0.0,5.944294071422348,-0.02529322553998703,1
KWT,Kuwait,1995,33.46,-1.7497598882388887,0.0,6.073263068090938,-0.009265631877384384,1
KWT,Kuwait,1997,31.753,9.652681193014988,0.0,6.814057958248924,-0.009362614950372494,1
KWT,Kuwait,2002,29.182,1.6830460596424013,0.0,5.264996506637388,-0.01621446100339663,1
KWT,Kuwait,2004,30.526,5.38317517722553,0.0,6.322982309619633,-0.012376618925841631,1
KWT,Kuwait,2005,33.358,13.301951256548472,0.0013402130938819,5.627554781210193,-0.020222483818047365,1
KWT,Kuwait,2008,31.848,9.246393686525645,0.0011842448070865,4.096302787712261,-0.047280839140527275,1
KWT,Kuwait,2012,30.327,16.121444389622596,0.5256865050740606,3.074080295649253,-0.019112065846546122,1
KWT,Kuwait,2015,24.337,24.43262127636876,0.907658840297052,3.135548721026169,-0.01091013362820581,1
KWT,Kuwait,2016,25.979,11.468435547649424,0.7479402801411281,3.5541583749122907,-0.02423168941696796,1
KWT,Kuwait,2022,25.242,31.842856980277467,0.2908959076038637,2.2097730666643827,-0.029209912748716094,1
KWT,Kuwait,2023,25.454,6.318569862493417,0.5041853063676738,2.1953575980969333,-0.03186100741930831,1
KWT,Kuwait,2024,26.248,5.155518028075257,0.4810105081107791,2.011287919147009,-0.03861974512219013,1
LAO,Laos,2015,1.35,109.55966233173626,55.61241154055525,12.868807838867724,-0.05010621894513434,1
LAO,Laos,2016,2.375,78.62819814915622,72.93228500030474,7.923447309075399,-0.07291174158902547,1
LAO,Laos,2019,2.534,-10.453591133245457,74.49836423118866,10.839694656488549,-0.01214344104645404,1
LAO,Laos,2021,2.93,19.36700557559856,62.5955946329624,25.18660988230984,-0.009980623190509297,1
LAO,Laos,2023,3.152,7.131136635770985,68.54741896758703,20.22188185619075,-0.03735625724042324,1
LAO,Laos,2024,3.14,1.0059196092229827,68.35245901639345,20.02049180327868,-0.03220642332108481,1
LBY,Libya,1990,8.214,1.9077901430842648,0.0410801336473681,22.791258147559844,-0.02988752949228679,1
LBY,Libya,1991,9.379,16.722353070055295,0.0351947442515251,18.885499765368365,-0.022184608141227358,1
LBY,Libya,1994,10.651,32.68574971582103,0.0292056074766355,24.458722741433007,-0.05291759687647746,1
LBY,Libya,1995,11.126,6.300623052959486,0.0274745402593596,24.98168363982708,-0.0076568706906006145,1
LBY,Libya,1996,10.818,-1.179573595135175,0.0278024911032028,26.61995848161328,-0.005662799695105636,1
LBY,Libya,2021,7.892,55.941402896624304,12.571496770996148,22.08943031680636,-0.00019157557788884727,1
LSO,Lesotho,2008,1.079,2.266152362584384,79.30221593587929,0.0,-0.022258881502580263,1
LSO,Lesotho,2011,1.37,21.27472527472527,80.10148604566872,0.0,-0.005744777804860712,1
LSO,Lesotho,2021,1.369,55.89123867069488,77.51937984496124,0.0,-0.03560754579709402,1
LUX,Luxembourg,1990,30.938,1.9077901430842648,53.366076721144886,5.072402404945379,-0.019683386602957764,1
LUX,Luxembourg,1991,32.109,5.174019815395048,48.429951690821255,4.589371980676333,-0.021669949204103034,1
LUX,Luxembourg,1992,31.098,-1.8599033816425137,45.45081630978751,4.783001066535405,-0.020475251792448024,1
LUX,Luxembourg,1993,31.062,1.2224136516531203,46.49051710163722,4.020100502512548,-0.016463779492361552,1
LUX,Luxembourg,1994,28.624,-6.597503647268599,42.03401596667824,4.807358556056926,-0.012571214954781751,1
MNE,Montenegro,2008,4.116,26.702334630350187,58.042226487524,0.0,-0.014249223102978492,1
MNG,Mongolia,1990,4.523,1.9077901430842648,74.61954856500867,1.3175365131243095,-0.003263154939426749,1
MNG,Mongolia,1991,5.429,22.152997650903902,85.04180602006687,0.7107023411371358,-0.05335212358170094,1
MNG,Mongolia,1992,4.887,-8.503344481605357,84.01717993237688,0.4477748332267026,-0.030682240221718393,1
MNG,Mongolia,1993,4.044,-15.991958329525724,82.5845752202763,0.2828238877406619,-0.04040724594984757,1
MNG,Mongolia,1994,3.411,-14.44577395844664,86.45899554990464,0.406865861411319,-0.024319037857450043,1
MNG,Mongolia,2011,7.784,55.155387743247154,85.20217147135905,0.7347435417446491,-0.05076879549395885,1
MNG,Mongolia,2012,12.519,63.77761138150508,89.70739513087209,0.4829123328380547,-0.07918654448408002,1
MNG,Mongolia,2013,15.245,24.237055663504403,91.51984911909472,0.2553015318091951,-0.0534718578009209,1
MNG,Mongolia,2014,10.171,-31.85059110354662,87.79615254809315,0.701991225109694,-0.0017869369474524666,1
MNG,Mongolia,2016,8.428,10.094935349456602,87.9199344492567,0.8115806313160903,-0.02197663748405121,1
MNG,Mongolia,2017,10.997,33.20457294471106,88.0927970942324,0.8963355692902581,-0.03726532921773451,1
MNG,Mongolia,2018,14.307,32.74846949236942,90.3484189854145,0.9201438690174228,-0.046894542775617554,1
MNG,Mongolia,2019,14.578,3.971844038924055,88.36774974001995,1.0335533436617936,-0.029224320712234353,1
MNG,Mongolia,2020,12.908,-9.849529913622955,87.08507933518527,1.235933895192801,-0.03344111609001499,1
MNG,Mongolia,2021,10.771,-15.31616366118932,85.04948293116868,1.5956855331924942,-0.0003764697940423778,1
MNG,Mongolia,2022,11.944,12.429111531190904,85.77751403209456,1.4885146997008007,-0.0008887243797566224,1
MNG,Mongolia,2023,12.874,9.25005563385506,87.03603114249503,1.3647474198804872,-0.07188801995859806,1
MNG,Mongolia,2024,12.86,1.1542639869636109,86.6581644068555,1.349174385823602,-0.057142760873031495,1
NCL,New Caledonia,2016,19.341,12.40516711092885,48.04815760671288,0.7843852608536963,-0.02209938958390434,1
NCL,New Caledonia,2019,20.002,-4.058853373921867,53.60479464128327,0.5288207297726046,-0.0082471604078862,1
NCL,New Caledonia,2020,17.978,-9.941829719725014,53.12194167156,0.5480524564493976,-0.00525094794572778,1
NCL,New Caledonia,2023,17.483,-0.9382329945269774,51.61799526440412,0.5327545382793915,-0.03238803401989965,1
NCL,New Caledonia,2024,18.064,4.321231254932911,53.773406468696805,0.5106865897484454,-0.040006315771765055,1
NGA,Nigeria,1994,0.745,79.7561793982776,0.0821304131408661,57.86087605774017,-0.058568226696376735,1
NGA,Nigeria,2008,0.549,5.25617622003165,0.7411347107724681,36.64743493392224,-0.009750688763124127,1
NPL,Nepal,2016,0.361,46.097031136857325,25.93180015860429,22.12529738302933,-0.019744914262928348,1
NPL,Nepal,2019,0.449,-9.181565638578247,30.65882352941176,29.51372549019608,-0.003443038908608087,1
PRK,North Korea,1990,5.607,1.9077901430842648,91.04347752633404,2.110100267774925,-0.025169767823546074,1
PRK,North Korea,1991,5.265,-4.699999155284118,92.66967443427085,1.864047722458082,-0.041153176485715925,1
PRK,North Korea,1992,4.505,-13.148494491176132,92.9080981782926,1.9686686737766053,-0.055105088676625336,1
PRK,North Korea,1993,4.059,-8.572740725621275,93.1774292571301,1.8038734163085337,-0.05733642795170901,1
PRK,North Korea,1994,3.643,-8.931182675671145,94.12384781329672,2.1536085506962195,-0.05452456301519526,1
PRK,North Korea,1995,3.356,-6.740292214159648,92.44660576986266,2.246172044424,-0.07720856346451654,1
PRK,North Korea,1996,2.895,-12.871130971939271,91.11959210764496,2.314004706450248,-0.08033333798870634,1
PRK,North Korea,1997,2.755,-3.9416520847161074,93.1091882724289,2.1215785423766107,-0.07374453479780496,1
PRK,North Korea,1998,2.52,-7.741955746792506,91.04325180003065,2.165143236480631,-0.07133590883316088,1
PRK,North Korea,1999,2.73,9.181432875453188,93.35547136866064,2.577054394088208,-0.08454432239933296,1
PRK,North Korea,2000,2.923,7.82938122632244,92.78536832212824,2.6805465191932427,-0.07071890386088708,1
PRK,North Korea,2001,3.009,3.618882382708022,92.24479544566611,2.8883183568678,-0.05759106854785023,1
PRK,North Korea,2002,2.867,-4.22224702796229,91.8111360391597,3.097229101716138,-0.08657147070722127,1
PRK,North Korea,2003,2.912,2.1867078465079848,92.00347860798657,3.143578118985488,-0.054908362972416636,1
PRK,North Korea,2004,2.957,2.2511155781760106,92.11399570564124,3.109227294275101,-0.07702647521150885,1
PRK,North Korea,2005,3.075,4.584367418644231,93.0489268097587,3.116917744300764,-0.05147368004136976,1
PRK,North Korea,2006,3.106,1.5464604719370725,93.9635026913483,3.154785348562428,-0.0687199320070262,1
PRK,North Korea,2007,2.576,-16.66272810817907,92.1516115819654,3.7162481489649934,-0.0862499581705819,1
PRK,North Korea,2008,2.84,10.787989539683029,92.69686886784405,3.4837755595370083,-0.10662744499646126,1
PRK,North Korea,2009,2.72,-3.790916588459458,92.71652379544784,3.4555128584096764,-0.059485788723847244,1
PRK,North Korea,2010,2.616,-3.406739580254204,92.40302960752813,3.6676612347945934,-0.05466319112687812,1
PRK,North Korea,2011,1.907,-26.75847295539745,89.3830822905133,5.0974575385965295,-0.07276652146884754,1
PRK,North Korea,2012,1.854,-2.323103599557097,89.38509250347556,5.199443909742271,-0.018231939066949643,1
PRK,North Korea,2013,1.427,-22.694898941289708,85.4581673306773,6.980411686586976,-0.05185134257147728,1
PRK,North Korea,2015,1.223,-21.461393596986824,82.28147579768527,8.171877997314397,-0.03816204026576431,1
PRK,North Korea,2016,1.332,9.457126414732397,82.76959925224911,7.886435331230274,-0.048698876317426754,1
PRK,North Korea,2017,2.7,103.61023484051874,92.0525621162564,3.7427554943478327,-0.13808931706067906,1
PRK,North Korea,2018,2.414,-10.185344580249044,91.8045617173524,3.553858931765916,-0.04452707863276051,1
PRK,North Korea,2019,2.67,11.02734474827498,92.35959258833006,3.0757279318678883,-0.09081772128160237,1
PRK,North Korea,2020,2.509,-5.660893083208663,92.03379233572748,3.3121368772587942,-0.08901269328751482,1
PRK,North Korea,2021,2.057,-17.69980328468823,91.1969612747823,4.213451917732058,-0.057390937768588945,1
PRK,North Korea,2022,2.138,4.296831573096172,90.9413917461671,4.441365097976515,-0.033720774201830284,1
PRK,North Korea,2023,2.348,10.190268080797305,91.48891575977429,4.340185409109225,-0.05059700662492306,1
PRK,North Korea,2024,2.36,0.846432889963733,91.3717026378897,4.303756994404466,-0.036812117816933276,1
QAT,Qatar,1990,25.962,1.9077901430842648,0.0,1.1200560028001405,-0.10190511990116768,1
QAT,Qatar,1991,38.285,52.3801190059503,0.0,1.4413690134374804,-0.179147326619707,1
QAT,Qatar,1992,57.097,53.99104169059377,0.0,0.9658412887828264,-0.19459445262057684,1
QAT,Qatar,1993,63.4,14.562201670644392,0.0,0.8398164122261704,-0.17249380801201508,1
QAT,Qatar,1994,64.819,5.383939324891762,0.0,6.983783783783778,-0.16198663140986114,1
QAT,Qatar,1995,64.491,2.4555984555984622,0.0,6.219475429605069,-0.15983692027898788,1
QAT,Qatar,1996,65.162,3.925233644859816,0.0,8.928985843583206,-0.13960417901673527,1
QAT,Qatar,1997,76.715,22.51102343931306,0.0,13.534760371282433,-0.15511910973994958,1
QAT,Qatar,1998,63.665,-12.483424891077854,0.0,15.221861471861471,-0.1349944229573461,1
QAT,Qatar,1999,59.305,-1.718073593073588,0.0,16.43220922229871,-0.11755527514524089,1
QAT,Qatar,2000,62.646,11.234686854783194,0.0,16.982626342622382,-0.11589520806897202,1
QAT,Qatar,2001,67.727,13.63163886551504,0.0,12.512523413337988,-0.09357704080521945,1
QAT,Qatar,2002,63.518,-1.6095308620464488,0.0,12.274488101826222,-0.1096219801479662,1
QAT,Qatar,2003,62.618,3.2230215827338204,0.0,13.756942806287654,-0.08422403846514603,1
QAT,Qatar,2004,61.344,1.734897385859191,0.0,12.230185497470472,-0.09020042109032023,1
QAT,Qatar,2005,57.767,0.5101180438448649,0.0,10.5154985109685,-0.06557675729767742,1
QAT,Qatar,2006,61.421,25.31563273352628,0.0,8.357739360366836,-0.08909140335181776,1
QAT,Qatar,2007,49.255,-0.3732030190952695,0.0,9.368385687888464,-0.0414136136951323,1
QAT,Qatar,2008,43.359,3.932471023013617,0.0,9.524656139386792,-0.07814865356764733,1
QAT,Qatar,2009,41.175,5.550257794443292,0.0,8.895184135977345,-0.02844758515430479,1
QAT,Qatar,2010,43.09,12.78003215680268,0.0,6.83765325657491,-0.03683867811893782,1
QAT,Qatar,2011,45.175,11.07656379411006,0.0,6.089794521385187,-0.04550279539756108,1
QAT,Qatar,2012,49.152,14.58152526005696,0.0,4.93076447118564,-0.04969003948421025,1
QAT,Qatar,2013,44.982,-2.458981416287942,0.0,4.029179836601685,-0.023588589937570736,1
QAT,Qatar,2014,41.31,0.2285826780265232,0.0,4.851487309312333,-0.0019676538567520163,1
QAT,Qatar,2015,38.441,1.8201261430348608,0.0,5.072339513449805,-0.02140129891267739,1
QAT,Qatar,2016,35.154,-2.070517629407353,0.0,4.7856157937359,-0.04105106959130278,1
QAT,Qatar,2017,39.035,15.626299546936906,0.0,4.06977294452804,-0.048868965213666904,1
QAT,Qatar,2019,36.252,-1.1605811675972633,0.0,3.3698116927930784,-0.033599766075577686,1
QAT,Qatar,2020,36.145,-0.0995760623089925,0.0,3.3672492573695507,-0.03604526072623093,1
QAT,Qatar,2021,37.082,3.0169053281883684,0.0,3.460234131013749,-0.016868487069231497,1
QAT,Qatar,2022,37.89,4.989174793554696,0.0027373761337299,3.462780809168379,-0.02681347423115421,1
QAT,Qatar,2023,40.128,9.078964176870995,0.0033460483169376,3.433045573178063,-0.08278693633987211,1
QAT,Qatar,2024,41.271,5.24325771264138,0.0031793469621339,2.928178552125388,-0.08143877899997509,1
RUS,Russia,1992,13.185,-18.448922223486708,26.268960171289628,4.422860076456956,-0.004782368815161253,1
SAU,Saudi Arabia,1991,21.91,34.38075297712273,0.0098145861107248,2.584916616912168,-0.013677243609499845,1
SAU,Saudi Arabia,2008,20.158,10.89404083021115,0.0230066250559188,5.558869266983365,-0.004927952698390969,1
SAU,Saudi Arabia,2023,20.365,1.5664308824367312,0.0929968912467783,5.03452694105178,-0.0015259943563791234,1
SAU,Saudi Arabia,2024,20.379,2.168598935407018,0.1012811121561896,4.912639622731476,-0.005066872228316144,1
SXM,Sint Maarten (Dutch part),2000,17.943,165.86538461538467,0.0,0.0,-0.0219941850892722,1
TGO,Togo,2016,0.292,27.53058954393772,12.571496770996148,35.7610117749673,-0.014884668719662209,1
TGO,Togo,2023,0.287,-2.482657904344654,12.571496770996148,35.45488581055784,-0.00013660546691018904,1
TJK,Tajikistan,2023,0.988,-2.442733580458145,37.59742790335152,20.94699922057677,-0.004042041682520869,1
TJK,Tajikistan,2024,1.014,4.63756819953236,40.73556797020484,20.018621973929243,-0.006614652409744126,1
TKM,Turkmenistan,1993,6.824,-13.996374320185032,1.3046954499200465,1.6208751271987154,-0.0002696225394819285,1
TKM,Turkmenistan,1994,8.312,24.34946939962206,0.0,3.089198036006536,-0.044823584636474956,1
TKM,Turkmenistan,1996,7.424,-8.43241054123638,0.8340178176533772,3.8920831490490855,-0.03720712648423807,1
TKM,Turkmenistan,1997,7.193,-1.4468945472925987,0.0,2.631747659956403,-0.013630641188807413,1
TKM,Turkmenistan,1998,7.583,7.212463136299507,0.0,4.789810440710397,-0.019209821534479476,1
TKM,Turkmenistan,1999,8.859,18.98881779585002,0.0,5.962761012136582,-0.030277276673070674,1
TKM,Turkmenistan,2003,8.341,34.63874415054262,0.0,7.838690593571272,-0.01402277017242115,1
TKM,Turkmenistan,2004,9.954,21.6599290080852,0.0,6.333704791814398,-0.010813474094441666,1
TKM,Turkmenistan,2021,12.929,45.76583737381765,0.0,3.231400091609032,-0.02773858232933535,1
TLS,East Timor,2002,0.298,120.16806722689076,12.571496770996148,38.54961832061069,-0.05704025190828521,1
TLS,East Timor,2004,0.535,99.59839357429718,12.571496770996148,64.58752515090544,-0.08870797246279905,1
TLS,East Timor,2012,0.521,36.17511520737327,12.571496770996148,50.76142131979696,-0.010259080733342363,1
TTO,Trinidad and Tobago,1996,14.181,25.290322580645185,12.571496770996148,3.7942435904385263,-0.0009736261822163028,1
TTO,Trinidad and Tobago,2002,21.533,7.266267763649958,12.571496770996148,1.4084998082487914,-0.030919777852533414,1
TTO,Trinidad and Tobago,2003,24.18,12.854303943102185,12.571496770996148,1.3561940067964144,-0.02223625678749641,1
TTO,Trinidad and Tobago,2004,24.297,0.982391102873037,12.571496770996148,1.315467449828688,-0.01858378955378015,1
TTO,Trinidad and Tobago,2005,28.257,16.87775330396475,12.571496770996148,1.421279937180998,-0.06706265847841086,1
TTO,Trinidad and Tobago,2006,31.433,11.78641539065568,12.571496770996148,1.5289875433174132,-0.07861247788033221,1
TTO,Trinidad and Tobago,2007,33.371,6.687271705535269,12.571496770996148,1.5165481520498645,-0.06985081918723335,1
TTO,Trinidad and Tobago,2008,32.39,-2.460275656219824,12.571496770996148,1.638053236730201,-0.09168109719424566,1
TTO,Trinidad and Tobago,2009,32.209,-0.0585019013117804,12.571496770996148,1.2247562870072244,-0.06653290026264047,1
TTO,Trinidad and Tobago,2010,33.961,6.022468874530018,12.571496770996148,0.9449588040431394,-0.06906899713848746,1
TTO,Trinidad and Tobago,2011,33.723,-0.104051643591263,12.571496770996148,1.4646174776268452,-0.08055934822650157,1
TTO,Trinidad and Tobago,2012,32.881,-1.87913185808728,12.571496770996148,1.856626010095539,-0.06680982076963149,1
TTO,Trinidad and Tobago,2013,32.421,-0.7799129097250779,12.571496770996148,1.9083386100133024,-0.06250871058712759,1
TTO,Trinidad and Tobago,2014,32.978,2.3297451909430444,12.571496770996148,1.7176631246532708,-0.03834445847852719,1
TTO,Trinidad and Tobago,2015,31.86,-2.842145691972864,12.571496770996148,1.6207668994597668,-0.05351846107654812,1
TTO,Trinidad and Tobago,2016,27.743,-12.445645012518124,12.571496770996148,1.5300875410740673,-0.07876136676673862,1
TTO,Trinidad and Tobago,2017,27.882,1.0785862994456608,12.571496770996148,1.5112787552423157,-0.04979891418518767,1
TTO,Trinidad and Tobago,2018,27.41,0.0248157431074425,12.571496770996148,1.4910561440940882,-0.027156700074719486,1
TTO,Trinidad and Tobago,2019,27.446,1.1114694718039164,12.571496770996148,1.450128818549885,-0.06237513493418423,1
TTO,Trinidad and Tobago,2020,23.661,-14.015458225984544,12.571496770996148,1.7178894501041526,-0.05190177993753875,1
TTO,Trinidad and Tobago,2021,24.46,3.840995348571763,12.571496770996148,1.4729726016103657,-0.013503337534159887,1
TTO,Trinidad and Tobago,2022,25.063,3.0338838660034506,12.571496770996148,1.4696076600965426,-0.013214936075221506,1
TTO,Trinidad and Tobago,2023,23.644,-5.219640999653274,12.571496770996148,1.4745610085547156,-0.01573934395457921,1
TTO,Trinidad and Tobago,2024,22.932,-2.701485817199467,12.571496770996148,1.2436372049976825,-0.013660078083969185,1
UKR,Ukraine,1994,8.058,-17.79939078737304,44.28115244381956,2.816052236494059,-0.011117388457845712,1
UKR,Ukraine,1995,7.552,-7.019755498891877,44.619438044149646,2.4724929710666714,-0.0016297225525446768,1
UKR,Ukraine,1996,6.868,-9.826154039362024,41.557950624442206,1.9620048090861104,-0.0032239404677234518,1
VEN,Venezuela,2020,2.844,-23.265673906857643,0.2447435754811436,20.64745800422739,-0.04227437300907799,1
VNM,Vietnam,2019,3.492,32.81976607637749,56.469856651105765,17.09046541236384,-0.030498317157079735,1
VNM,Vietnam,2023,3.462,7.669539722240293,60.19418593605623,13.168719541507045,-0.005439026908549582,1
VNM,Vietnam,2024,3.673,6.773767339572068,61.78669348207618,12.297704963996011,-0.006235414454198063,1
ZAF,South Africa,1991,7.821,4.1849079997698935,85.18142502223722,1.098978621599244,-0.0005780574296390117,1
ZAF,South Africa,1992,7.1,-7.576296659816572,86.1752436705395,1.124352451971106,-0.007316611565550413,1
ZAF,South Africa,1993,7.399,6.3133651258259205,90.44116958480176,1.1056553239707512,-0.007777501169037304,1
ZAF,South Africa,1994,7.697,5.7274319266559015,88.33927269184325,1.1588392121664697,-6.066095486345624e-05,1
ZAF,South Africa,1995,8.121,6.793897862716669,88.3432122793825,1.236619188746829,-0.0006855496945703532,1
ZAF,South Africa,2002,7.424,-4.063756384518924,91.30577473835976,1.2409502357637194,-0.019227418381120298,1
ZAF,South Africa,2004,9.171,11.10666013857362,85.48457453674646,1.027993287664529,-0.011406900554186583,1
ZAF,South Africa,2008,9.678,6.373512474356713,84.55585811232874,1.114877909245109,-0.043730016275954076,1
ZAF,South Africa,2016,7.982,-0.0924644733131807,84.12405644896619,1.2545673339897403,-0.017757663351407715,1
ZAF,South Africa,2019,7.9,3.7378296302499336,86.0847157694375,1.1671308422928774,-0.005710346294643842,1
ZAF,South Africa,2020,7.188,-7.526443140079064,85.91884180492444,1.1775840918175646,-0.019858783116056267,1
ZAF,South Africa,2023,6.907,1.8242370248751083,83.28004324284707,1.3007210195050902,-0.0272782905961082,1
ZAF,South Africa,2024,6.872,0.7391137048675667,84.43197500858284,1.282310705702869,-0.030262414581328057,1
ZWE,Zimbabwe,2008,0.596,-21.50482968988308,77.13730569948187,1.9948186528497305,-0.04594970959536471,1
