iso_code,country,year,metric,value,z_score,mean,std
ARE,United Arab Emirates,1990,co2_per_capita,27.346,3.6072492982216975,4.997634615384616,6.1954036267004575
CUW,Curacao,1990,co2_per_capita,30.813,4.166857712604611,4.997634615384616,6.1954036267004575
LUX,Luxembourg,1990,co2_per_capita,30.938,4.187033960599381,4.997634615384616,6.1954036267004575
QAT,Qatar,1990,co2_per_capita,25.962,3.3838578804236144,4.997634615384616,6.1954036267004575
AGO,Angola,1990,renewables_share,31.512770137524555,3.1703613695087807,5.011258840989795,8.359145285901882
BOL,Bolivia,1990,renewables_share,53.07446596126972,5.74977530314504,5.011258840989795,8.359145285901882
BTN,Bhutan,1990,renewables_share,30.64516129032259,3.066569795427011,5.011258840989795,8.359145285901882
GAB,Gabon,1990,renewables_share,76.56633221850613,8.56009447499346,5.011258840989795,8.359145285901882
TGO,Togo,1990,renewables_share,41.20654396728016,4.330022255664766,5.011258840989795,8.359145285901882
KWT,Kuwait,1991,co2_per_capita,364.791,13.951570358778485,6.589827751196172,25.67461318240922
AGO,Angola,1991,renewables_share,33.55055292259084,3.510349915424868,4.821758594116344,8.184025815271855
BOL,Bolivia,1991,renewables_share,54.41652389110984,6.059947318891254,4.821758594116344,8.184025815271855
BTN,Bhutan,1991,renewables_share,30.64516129032259,3.1553422825253454,4.821758594116344,8.184025815271855
GAB,Gabon,1991,renewables_share,76.0061919504644,8.697972729205457,4.821758594116344,8.184025815271855
TGO,Togo,1991,renewables_share,38.19047619047618,4.077298672994399,4.821758594116344,8.184025815271855
ARE,United Arab Emirates,1992,co2_per_capita,27.429,3.4192850807856865,4.792800947867298,6.620155534656774
BRN,Brunei,1992,co2_per_capita,24.712,3.0088717625824515,4.792800947867298,6.620155534656774
LUX,Luxembourg,1992,co2_per_capita,31.098,3.9735016669055505,4.792800947867298,6.620155534656774
QAT,Qatar,1992,co2_per_capita,57.097,7.900750787246337,4.792800947867298,6.620155534656774
AGO,Angola,1992,renewables_share,35.01161890007745,3.80676723026525,4.613891890701557,7.985181433659085
BOL,Bolivia,1992,renewables_share,52.57142857142857,6.005816784397247,4.613891890701557,7.985181433659085
GAB,Gabon,1992,renewables_share,74.88305877567623,8.799946183912184,4.613891890701557,7.985181433659085
TGO,Togo,1992,renewables_share,35.92233009708737,3.920817387368894,4.613891890701557,7.985181433659085
ARE,United Arab Emirates,1993,co2_per_capita,29.626,3.393601650350188,4.938824644549763,7.274623806510334
BHR,Bahrain,1993,co2_per_capita,29.758,3.4117469185469935,4.938824644549763,7.274623806510334
CUW,Curacao,1993,co2_per_capita,31.523,3.6543711486027712,4.938824644549763,7.274623806510334
KWT,Kuwait,1993,co2_per_capita,29.401,3.362672215923814,4.938824644549763,7.274623806510334
LUX,Luxembourg,1993,co2_per_capita,31.062,3.5910001740669566,4.938824644549763,7.274623806510334
QAT,Qatar,1993,co2_per_capita,63.4,8.036315953978422,4.938824644549763,7.274623806510334
AGO,Angola,1993,renewables_share,30.132219902574803,3.273995831778259,4.4749092391842185,7.836696190738554
BOL,Bolivia,1993,renewables_share,51.76440062272963,6.034365787898269,4.4749092391842185,7.836696190738554
BTN,Bhutan,1993,renewables_share,29.670329670329664,3.2150564240223476,4.4749092391842185,7.836696190738554
GAB,Gabon,1993,renewables_share,74.15075376884423,8.890971760778895,4.4749092391842185,7.836696190738554
TGO,Togo,1993,renewables_share,35.54724041159962,3.964978406223892,4.4749092391842185,7.836696190738554
ARE,United Arab Emirates,1994,co2_per_capita,32.364,3.781416757818835,4.871483568075117,7.270427512407514
CUW,Curacao,1994,co2_per_capita,30.384,3.50908064049685,4.871483568075117,7.270427512407514
KWT,Kuwait,1994,co2_per_capita,34.406,4.062280571743831,4.871483568075117,7.270427512407514
LUX,Luxembourg,1994,co2_per_capita,28.624,3.267004091766197,4.871483568075117,7.270427512407514
QAT,Qatar,1994,co2_per_capita,64.819,8.24539084250824,4.871483568075117,7.270427512407514
AGO,Angola,1994,renewables_share,60.91781907865763,4.549528690593224,6.0273391985720615,12.065091488175286
CMR,Cameroon,1994,renewables_share,45.778688524590166,3.2947408119513613,6.0273391985720615,12.065091488175286
COG,Congo,1994,renewables_share,48.78841607565011,3.544198311217713,6.0273391985720615,12.065091488175286
GAB,Gabon,1994,renewables_share,80.1629238221048,6.144635098390368,6.0273391985720615,12.065091488175286
GNQ,Equatorial Guinea,1994,renewables_share,93.64664926022628,7.262216796907662,6.0273391985720615,12.065091488175286
NGA,Nigeria,1994,renewables_share,57.86087605774017,4.296157796231296,6.0273391985720615,12.065091488175286
ARE,United Arab Emirates,1995,co2_per_capita,29.932,3.560982524310311,4.804765258215962,7.056264547844324
CUW,Curacao,1995,co2_per_capita,30.259,3.6073243242503232,4.804765258215962,7.056264547844324
KWT,Kuwait,1995,co2_per_capita,33.46,4.060963778708971,4.804765258215962,7.056264547844324
QAT,Qatar,1995,co2_per_capita,64.491,8.45861635956068,4.804765258215962,7.056264547844324
AGO,Angola,1995,renewables_share,67.82119362764524,5.017170206981284,6.062799555839017,12.309407798418073
CMR,Cameroon,1995,renewables_share,44.57674418604651,3.128821894677749,6.062799555839017,12.309407798418073
COG,Congo,1995,renewables_share,64.43410852713178,4.742007895684005,6.062799555839017,12.309407798418073
GAB,Gabon,1995,renewables_share,78.5632183908046,5.889838083379028,6.062799555839017,12.309407798418073
GNQ,Equatorial Guinea,1995,renewables_share,93.37694194603434,7.0932853813988,6.062799555839017,12.309407798418073
NGA,Nigeria,1995,renewables_share,61.58613320669595,4.510642149494181,6.062799555839017,12.309407798418073
ARE,United Arab Emirates,1996,co2_per_capita,29.195,3.455530610178997,4.876849765258216,7.037457623181669
BHR,Bahrain,1996,co2_per_capita,26.195,3.029240299013516,4.876849765258216,7.037457623181669
CUW,Curacao,1996,co2_per_capita,28.515,3.3589048063148215,4.876849765258216,7.037457623181669
KWT,Kuwait,1996,co2_per_capita,29.919,3.558408671940266,4.876849765258216,7.037457623181669
QAT,Qatar,1996,co2_per_capita,65.162,8.56632515074195,4.876849765258216,7.037457623181669
AGO,Angola,1996,renewables_share,71.69650468883205,5.296837145714889,6.1676570431400215,12.371316286116988
COG,Congo,1996,renewables_share,67.32722318553381,4.943658760953889,6.1676570431400215,12.371316286116988
GAB,Gabon,1996,renewables_share,78.64424057084608,5.858437522047578,6.1676570431400215,12.371316286116988
GNQ,Equatorial Guinea,1996,renewables_share,90.28697571743928,6.7995447476108435,6.1676570431400215,12.371316286116988
NGA,Nigeria,1996,renewables_share,63.4293780109853,4.628587584661789,6.1676570431400215,12.371316286116988
BHR,Bahrain,1997,co2_per_capita,27.597,3.029069125755667,4.91237089201878,7.4889770309622925
CUW,Curacao,1997,co2_per_capita,30.093,3.3623589715758073,4.91237089201878,7.4889770309622925
KWT,Kuwait,1997,co2_per_capita,31.753,3.5840180837799083,4.91237089201878,7.4889770309622925
QAT,Qatar,1997,co2_per_capita,76.715,9.58777531445506,4.91237089201878,7.4889770309622925
AGO,Angola,1997,renewables_share,72.31805590531353,5.593004970897906,6.067313404454879,11.845285824986975
CMR,Cameroon,1997,renewables_share,45.97508830637665,3.369085009138279,6.067313404454879,11.845285824986975
COG,Congo,1997,renewables_share,60.40157317325605,4.5869944019574485,6.067313404454879,11.845285824986975
GAB,Gabon,1997,renewables_share,77.00379952958205,5.9885837432044555,6.067313404454879,11.845285824986975
GNQ,Equatorial Guinea,1997,renewables_share,84.60759493670886,6.630509613079797,6.067313404454879,11.845285824986975
NGA,Nigeria,1997,renewables_share,58.1950673817813,4.400717276687896,6.067313404454879,11.845285824986975
ARE,United Arab Emirates,1998,co2_per_capita,26.517,3.3368610901236857,4.615276995305165,6.563570497291217
BHR,Bahrain,1998,co2_per_capita,28.583,3.651628791766052,4.615276995305165,6.563570497291217
KWT,Kuwait,1998,co2_per_capita,28.688,3.6676261822173823,4.615276995305165,6.563570497291217
QAT,Qatar,1998,co2_per_capita,63.665,8.996585475704821,4.615276995305165,6.563570497291217
AGO,Angola,1998,renewables_share,76.6971477018107,5.44606181447867,6.2419264508567265,12.936911781582191
CMR,Cameroon,1998,renewables_share,47.2175693281221,3.16734345638817,6.2419264508567265,12.936911781582191
COG,Congo,1998,renewables_share,90.82450245541484,6.538080913945417,6.2419264508567265,12.936911781582191
GAB,Gabon,1998,renewables_share,77.49883774988378,5.508031012507399,6.2419264508567265,12.936911781582191
GNQ,Equatorial Guinea,1998,renewables_share,88.80174291938998,6.381725241882738,6.2419264508567265,12.936911781582191
NGA,Nigeria,1998,renewables_share,57.54939887419212,3.96597528757829,6.2419264508567265,12.936911781582191
BHR,Bahrain,1999,co2_per_capita,27.885,3.633651033540289,4.684248826291079,6.384969541531423
KWT,Kuwait,1999,co2_per_capita,28.992,3.8070269584839322,4.684248826291079,6.384969541531423
QAT,Qatar,1999,co2_per_capita,59.305,8.554582886954263,4.684248826291079,6.384969541531423
AGO,Angola,1999,renewables_share,72.44655581947744,5.178307020155629,6.203067637598699,12.792499155426256
CMR,Cameroon,1999,renewables_share,49.16650699367695,3.3584867846447533,6.203067637598699,12.792499155426256
COG,Congo,1999,renewables_share,90.73033707865169,6.607564981170912,6.203067637598699,12.792499155426256
GAB,Gabon,1999,renewables_share,78.53342201529765,5.654122271098078,6.203067637598699,12.792499155426256
GNQ,Equatorial Guinea,1999,renewables_share,86.89765033851056,6.307960760480743,6.203067637598699,12.792499155426256
NGA,Nigeria,1999,renewables_share,54.53098847214692,3.777832638280749,6.203067637598699,12.792499155426256
ABW,Aruba,2000,co2_per_capita,26.787,3.0139423947193547,5.043859154929577,7.214185939043155
ARE,United Arab Emirates,2000,co2_per_capita,32.138,3.755675425336212,5.043859154929577,7.214185939043155
BHR,Bahrain,2000,co2_per_capita,28.673,3.2753717529221937,5.043859154929577,7.214185939043155
CUW,Curacao,2000,co2_per_capita,34.11,4.029025740487856,5.043859154929577,7.214185939043155
KWT,Kuwait,2000,co2_per_capita,28.127,3.1996875378751364,5.043859154929577,7.214185939043155
QAT,Qatar,2000,co2_per_capita,62.646,7.984565595035164,5.043859154929577,7.214185939043155
AGO,Angola,2000,renewables_share,70.28446389496717,5.05722542945512,6.306458838926064,12.650811388278234
CMR,Cameroon,2000,renewables_share,46.57362676686349,3.1829711701533605,6.306458838926064,12.650811388278234
COD,Democratic Republic of Congo,2000,renewables_share,51.67155425219942,3.5859435431396087,6.306458838926064,12.650811388278234
COG,Congo,2000,renewables_share,88.95891690009337,6.533372091670734,6.306458838926064,12.650811388278234
GAB,Gabon,2000,renewables_share,79.19386422976501,5.761480679284626,6.306458838926064,12.650811388278234
GNQ,Equatorial Guinea,2000,renewables_share,83.95702111893294,6.137990670855703,6.306458838926064,12.650811388278234
NGA,Nigeria,2000,renewables_share,53.654304923010194,3.7426726737824,6.306458838926064,12.650811388278234
ARE,United Arab Emirates,2001,co2_per_capita,27.365,3.018502499551311,5.091394366197184,7.3790250752198165
BHR,Bahrain,2001,co2_per_capita,28.115,3.1201419427507444,5.091394366197184,7.3790250752198165
CUW,Curacao,2001,co2_per_capita,34.922,4.042621529228802,5.091394366197184,7.3790250752198165
KWT,Kuwait,2001,co2_per_capita,29.44,3.299704959069744,5.091394366197184,7.3790250752198165
QAT,Qatar,2001,co2_per_capita,67.727,8.488330774772024,5.091394366197184,7.3790250752198165
AGO,Angola,2001,renewables_share,66.74000502891627,4.837112781429316,6.175761374498361,12.520742515439512
CMR,Cameroon,2001,renewables_share,47.30312837108954,3.28473866033715,6.175761374498361,12.520742515439512
COD,Democratic Republic of Congo,2001,renewables_share,58.16636308439588,4.152357709280192,6.175761374498361,12.520742515439512
COG,Congo,2001,renewables_share,85.51938726663475,6.33697448807821,6.175761374498361,12.520742515439512
GAB,Gabon,2001,renewables_share,76.82098765432099,5.6422553369106465,6.175761374498361,12.520742515439512
GNQ,Equatorial Guinea,2001,renewables_share,84.11517308314461,6.224823456958564,6.175761374498361,12.520742515439512
NGA,Nigeria,2001,renewables_share,51.14051368017722,3.591220908043765,6.175761374498361,12.520742515439512
ABW,Aruba,2002,co2_per_capita,26.66,3.0362124951468132,5.062291079812207,7.113371990501427
BHR,Bahrain,2002,co2_per_capita,26.737,3.04703717858848,5.062291079812207,7.113371990501427
CUW,Curacao,2002,co2_per_capita,33.401,3.9838643273582237,5.062291079812207,7.113371990501427
KWT,Kuwait,2002,co2_per_capita,29.182,3.3907560229375227,5.062291079812207,7.113371990501427
QAT,Qatar,2002,co2_per_capita,63.518,8.217721356094469,5.062291079812207,7.113371990501427
AGO,Angola,2002,renewables_share,61.57960199004975,4.631865123333512,6.308438689875005,11.932809317296481
CMR,Cameroon,2002,renewables_share,44.8701177350028,3.23156752276541,6.308438689875005,11.932809317296481
COD,Democratic Republic of Congo,2002,renewables_share,56.805074971164935,4.231747523870643,6.308438689875005,11.932809317296481
COG,Congo,2002,renewables_share,81.94852941176471,6.338833439016761,6.308438689875005,11.932809317296481
GAB,Gabon,2002,renewables_share,76.976,5.922122731626417,6.308438689875005,11.932809317296481
GNQ,Equatorial Guinea,2002,renewables_share,70.81374321880651,5.405709821863301,6.308438689875005,11.932809317296481
NGA,Nigeria,2002,renewables_share,44.83349275910396,3.2284982559293307,6.308438689875005,11.932809317296481
ABW,Aruba,2003,co2_per_capita,27.741,3.1144175338627793,5.2139107981220665,7.233162848893232
CUW,Curacao,2003,co2_per_capita,32.969,3.837199546271079,5.2139107981220665,7.233162848893232
KWT,Kuwait,2003,co2_per_capita,29.618,3.3739167376291097,5.2139107981220665,7.233162848893232
QAT,Qatar,2003,co2_per_capita,62.618,7.936236249770252,5.2139107981220665,7.233162848893232
AGO,Angola,2003,renewables_share,53.94074582475407,4.11776196721354,6.3148645278568925,11.565962694323797
CMR,Cameroon,2003,renewables_share,41.80543382997372,3.068535688735574,6.3148645278568925,11.565962694323797
COD,Democratic Republic of Congo,2003,renewables_share,56.727099236641216,4.358671737158986,6.3148645278568925,11.565962694323797
COG,Congo,2003,renewables_share,75.13812154696133,5.950499654722272,6.3148645278568925,11.565962694323797
GAB,Gabon,2003,renewables_share,78.80225318707383,6.26730265132114,6.3148645278568925,11.565962694323797
GNQ,Equatorial Guinea,2003,renewables_share,68.370607028754,5.3653763323438755,6.3148645278568925,11.565962694323797
NGA,Nigeria,2003,renewables_share,45.56633010096971,3.393705012759221,6.3148645278568925,11.565962694323797
TGO,Togo,2003,renewables_share,41.10803324099723,3.00823801984211,6.3148645278568925,11.565962694323797
ABW,Aruba,2004,co2_per_capita,28.063,3.145572026392781,5.278737089201878,7.243281260014962
CUW,Curacao,2004,co2_per_capita,34.157,3.986903431489621,5.278737089201878,7.243281260014962
KWT,Kuwait,2004,co2_per_capita,30.526,3.485611286444228,5.278737089201878,7.243281260014962
QAT,Qatar,2004,co2_per_capita,61.344,7.740312835882106,5.278737089201878,7.243281260014962
AGO,Angola,2004,renewables_share,55.64174894217207,4.298547335069694,6.325682489407807,11.472728484439193
COD,Democratic Republic of Congo,2004,renewables_share,50.93688362919132,3.888456107044722,6.325682489407807,11.472728484439193
COG,Congo,2004,renewables_share,75.82417582417582,6.057712725358306,6.325682489407807,11.472728484439193
GAB,Gabon,2004,renewables_share,76.83996241778891,6.14625195950743,6.325682489407807,11.472728484439193
GNQ,Equatorial Guinea,2004,renewables_share,41.12758676877953,3.0334461698953827,6.325682489407807,11.472728484439193
NGA,Nigeria,2004,renewables_share,45.76356858532887,3.4375332903076936,6.325682489407807,11.472728484439193
TGO,Togo,2004,renewables_share,42.832568807339456,3.182057900825164,6.325682489407807,11.472728484439193
TLS,East Timor,2004,renewables_share,64.58752515090544,5.07829002843743,6.325682489407807,11.472728484439193
ABW,Aruba,2005,co2_per_capita,28.81,3.2712292233979574,5.287399061032865,7.190752873787689
CUW,Curacao,2005,co2_per_capita,33.514,3.9254027268634157,5.287399061032865,7.190752873787689
KWT,Kuwait,2005,co2_per_capita,33.358,3.9037081974117545,5.287399061032865,7.190752873787689
QAT,Qatar,2005,co2_per_capita,57.767,7.298206719114211,5.287399061032865,7.190752873787689
TTO,Trinidad and Tobago,2005,co2_per_capita,28.257,3.194324897841751,5.287399061032865,7.190752873787689
AGO,Angola,2005,renewables_share,61.11652693832456,4.988731495492459,6.245962798790048,10.998901061144002
CMR,Cameroon,2005,renewables_share,41.09513274336284,3.168422895236782,6.245962798790048,10.998901061144002
COD,Democratic Republic of Congo,2005,renewables_share,44.86226497595103,3.510923678873831,6.245962798790048,10.998901061144002
COG,Congo,2005,renewables_share,78.01011029411765,6.524665245771688,6.245962798790048,10.998901061144002
GAB,Gabon,2005,renewables_share,73.0355134179656,6.072383981625592,6.245962798790048,10.998901061144002
GNQ,Equatorial Guinea,2005,renewables_share,41.057041572671615,3.1649597155536964,6.245962798790048,10.998901061144002
NGA,Nigeria,2005,renewables_share,40.396986209745634,3.1049486872467167,6.245962798790048,10.998901061144002
TGO,Togo,2005,renewables_share,45.52845528455285,3.5714924852389762,6.245962798790048,10.998901061144002
TLS,East Timor,2005,renewables_share,45.17133956386294,3.539024176022931,6.245962798790048,10.998901061144002
ABW,Aruba,2006,co2_per_capita,28.42,3.1143180856448915,5.381600938967136,7.3975741807575295
CUW,Curacao,2006,co2_per_capita,34.655,3.9571619487342806,5.381600938967136,7.3975741807575295
KWT,Kuwait,2006,co2_per_capita,32.233,3.629757323810062,5.381600938967136,7.3975741807575295
QAT,Qatar,2006,co2_per_capita,61.421,7.5753750745483295,5.381600938967136,7.3975741807575295
TTO,Trinidad and Tobago,2006,co2_per_capita,31.433,3.5216137647929795,5.381600938967136,7.3975741807575295
AGO,Angola,2006,renewables_share,47.15077282006416,3.8871890653468846,6.309536006712859,10.506624742654939
CMR,Cameroon,2006,renewables_share,38.75318993802406,3.0879235459505856,6.309536006712859,10.506624742654939
COD,Democratic Republic of Congo,2006,renewables_share,41.836734693877546,3.381409306733006,6.309536006712859,10.506624742654939
COG,Congo,2006,renewables_share,77.26702883409945,6.753595428159948,6.309536006712859,10.506624742654939
GAB,Gabon,2006,renewables_share,68.73534187263215,5.941566144689849,6.309536006712859,10.506624742654939
GNQ,Equatorial Guinea,2006,renewables_share,39.98703823720026,3.2053588145927603,6.309536006712859,10.506624742654939
NGA,Nigeria,2006,renewables_share,40.275480870617216,3.2328122204659073,6.309536006712859,10.506624742654939
TGO,Togo,2006,renewables_share,45.303131245836106,3.711334152900361,6.309536006712859,10.506624742654939
TLS,East Timor,2006,renewables_share,43.217665615141954,3.512843611763249,6.309536006712859,10.506624742654939
PRK,North Korea,2006,coal_share,93.9635026913483,3.0246238243400247,21.342117891464532,24.010055139908122
ABW,Aruba,2007,co2_per_capita,29.205,3.3293968189590992,5.393272300469484,7.151964453121272
CUW,Curacao,2007,co2_per_capita,38.72,4.659800523055734,5.393272300469484,7.151964453121272
KWT,Kuwait,2007,co2_per_capita,30.821,3.555348724983289,5.393272300469484,7.151964453121272
QAT,Qatar,2007,co2_per_capita,49.255,6.132822385657736,5.393272300469484,7.151964453121272
TTO,Trinidad and Tobago,2007,co2_per_capita,33.371,3.9118941212467067,5.393272300469484,7.151964453121272
AGO,Angola,2007,renewables_share,40.89720263816238,3.5099261923824825,6.244568985125669,9.872752802677898
COD,Democratic Republic of Congo,2007,renewables_share,42.012962256957685,3.622940226167737,6.244568985125669,9.872752802677898
COG,Congo,2007,renewables_share,72.48180324019724,6.709094776191024,6.244568985125669,9.872752802677898
GAB,Gabon,2007,renewables_share,62.54466057959508,5.702572800080491,6.244568985125669,9.872752802677898
GNQ,Equatorial Guinea,2007,renewables_share,44.63316406933988,3.8883375135050113,6.244568985125669,9.872752802677898
NGA,Nigeria,2007,renewables_share,39.40245831812096,3.3585252255076723,6.244568985125669,9.872752802677898
TGO,Togo,2007,renewables_share,39.881344759393535,3.407031093206769,6.244568985125669,9.872752802677898
TLS,East Timor,2007,renewables_share,36.45833333333333,3.0603181252560523,6.244568985125669,9.872752802677898
ABW,Aruba,2008,co2_per_capita,27.157,3.153508477699278,5.353291079812206,6.914111401436677
BHR,Bahrain,2008,co2_per_capita,26.344,3.0359228686749473,5.353291079812206,6.914111401436677
CUW,Curacao,2008,co2_per_capita,36.975,4.5735029542071235,5.353291079812206,6.914111401436677
KWT,Kuwait,2008,co2_per_capita,31.848,3.8319759954522112,5.353291079812206,6.914111401436677
QAT,Qatar,2008,co2_per_capita,43.359,5.496832016951682,5.353291079812206,6.914111401436677
TTO,Trinidad and Tobago,2008,co2_per_capita,32.39,3.910366401468432,5.353291079812206,6.914111401436677
AGO,Angola,2008,renewables_share,38.72,3.529490917555774,6.048738530640446,9.256649820757973
COD,Democratic Republic of Congo,2008,renewables_share,37.20670391061452,3.3660088674957276,6.048738530640446,9.256649820757973
COG,Congo,2008,renewables_share,69.78922716627635,6.885913356330958,6.048738530640446,9.256649820757973
GAB,Gabon,2008,renewables_share,63.56200037181632,6.21318327416932,6.048738530640446,9.256649820757973
GNQ,Equatorial Guinea,2008,renewables_share,39.655754303071205,3.630580871393369,6.048738530640446,9.256649820757973
NGA,Nigeria,2008,renewables_share,36.64743493392224,3.3055907910294318,6.048738530640446,9.256649820757973
PRK,North Korea,2008,coal_share,92.69686886784405,3.013804444369688,20.944187205507713,23.808008444735968
ABW,Aruba,2009,co2_per_capita,26.526,3.222609363157179,5.112788732394367,6.644681019181048
ARE,United Arab Emirates,2009,co2_per_capita,25.21,3.0245562141495546,5.112788732394367,6.644681019181048
CUW,Curacao,2009,co2_per_capita,37.58,4.8861956162956925,5.112788732394367,6.644681019181048
KWT,Kuwait,2009,co2_per_capita,31.777,4.012865507107816,5.112788732394367,6.644681019181048
QAT,Qatar,2009,co2_per_capita,41.175,5.427229864534607,5.112788732394367,6.644681019181048
TTO,Trinidad and Tobago,2009,co2_per_capita,32.209,4.077879914684787,5.112788732394367,6.644681019181048
AGO,Angola,2009,renewables_share,34.26553125604799,3.1949996417332374,5.771382998949596,8.918357262049884
COD,Democratic Republic of Congo,2009,renewables_share,36.99918233851185,3.501519217271696,5.771382998949596,8.918357262049884
COG,Congo,2009,renewables_share,65.97896440129449,6.750972139067031,5.771382998949596,8.918357262049884
GAB,Gabon,2009,renewables_share,61.89668174962293,6.293232834425937,5.771382998949596,8.918357262049884
GNQ,Equatorial Guinea,2009,renewables_share,41.36801146835961,3.9913884837159044,5.771382998949596,8.918357262049884
NGA,Nigeria,2009,renewables_share,40.35258532279213,3.8775305034028253,5.771382998949596,8.918357262049884
PRK,North Korea,2009,coal_share,92.71652379544784,3.0453223350274117,20.371051200577355,23.756261123083803
ABW,Aruba,2010,co2_per_capita,25.03,3.010724890655388,5.213262910798122,6.5820484464417754
ARE,United Arab Emirates,2010,co2_per_capita,26.786,3.27751113726062,5.213262910798122,6.5820484464417754
CUW,Curacao,2010,co2_per_capita,25.713,3.1144919786003613,5.213262910798122,6.5820484464417754
KWT,Kuwait,2010,co2_per_capita,30.482,3.8390384535777824,5.213262910798122,6.5820484464417754
QAT,Qatar,2010,co2_per_capita,43.09,5.754551549932433,5.213262910798122,6.5820484464417754
TTO,Trinidad and Tobago,2010,co2_per_capita,33.961,4.367597310035414,5.213262910798122,6.5820484464417754
AGO,Angola,2010,renewables_share,35.86563982073707,3.6143284596970404,5.592181231330825,8.375956675488155
COD,Democratic Republic of Congo,2010,renewables_share,33.82084095063985,3.3702012573583233,5.592181231330825,8.375956675488155
COG,Congo,2010,renewables_share,64.89090909090909,7.079636411338327,5.592181231330825,8.375956675488155
GAB,Gabon,2010,renewables_share,58.84587554269174,6.357923801970629,5.592181231330825,8.375956675488155
GNQ,Equatorial Guinea,2010,renewables_share,33.35424180649207,3.314494290115613,5.592181231330825,8.375956675488155
ARE,United Arab Emirates,2011,co2_per_capita,27.574,3.3392278517306058,5.2197746478873235,6.694429474325108
CUW,Curacao,2011,co2_per_capita,32.452,4.067893381587692,5.2197746478873235,6.694429474325108
KWT,Kuwait,2011,co2_per_capita,27.819,3.3758254439436,5.2197746478873235,6.694429474325108
QAT,Qatar,2011,co2_per_capita,45.175,5.968428751897595,5.2197746478873235,6.694429474325108
TTO,Trinidad and Tobago,2011,co2_per_capita,33.723,4.257752727313062,5.2197746478873235,6.694429474325108
AGO,Angola,2011,renewables_share,32.69222549899558,3.296834696829978,5.752718822246519,8.171324665641363
COG,Congo,2011,renewables_share,56.143479984145856,6.166779955982105,5.752718822246519,8.171324665641363
GAB,Gabon,2011,renewables_share,53.86451257572976,5.887881796666682,5.752718822246519,8.171324665641363
TLS,East Timor,2011,renewables_share,43.5483870967742,4.625402835044631,5.752718822246519,8.171324665641363
ARE,United Arab Emirates,2012,co2_per_capita,27.787,3.2879909052697123,5.219704225352113,6.8635517630170275
CUW,Curacao,2012,co2_per_capita,39.076,4.93276614552195,5.219704225352113,6.8635517630170275
KWT,Kuwait,2012,co2_per_capita,30.327,3.6580616918974638,5.219704225352113,6.8635517630170275
QAT,Qatar,2012,co2_per_capita,49.152,6.400810730585423,5.219704225352113,6.8635517630170275
TTO,Trinidad and Tobago,2012,co2_per_capita,32.881,4.03017223876647,5.219704225352113,6.8635517630170275
COG,Congo,2012,renewables_share,42.48704663212435,4.639210209004892,5.877976651759054,7.891228965935975
GAB,Gabon,2012,renewables_share,51.89393939393939,5.83127963221156,5.877976651759054,7.891228965935975
TLS,East Timor,2012,renewables_share,50.76142131979696,5.687763574189271,5.877976651759054,7.891228965935975
ARE,United Arab Emirates,2013,co2_per_capita,27.348,3.417308850830196,5.113863849765259,6.506329138155953
BHR,Bahrain,2013,co2_per_capita,24.839,3.0316843386477226,5.113863849765259,6.506329138155953
CUW,Curacao,2013,co2_per_capita,36.366,4.803343865123358,5.113863849765259,6.506329138155953
QAT,Qatar,2013,co2_per_capita,44.982,6.127592887428733,5.113863849765259,6.506329138155953
TTO,Trinidad and Tobago,2013,co2_per_capita,32.421,4.197011182556655,5.113863849765259,6.506329138155953
COG,Congo,2013,renewables_share,47.21561969439728,5.267685187895923,6.071255475676887,7.810710540041732
GAB,Gabon,2013,renewables_share,50.809248554913296,5.727775066030981,6.071255475676887,7.810710540041732
TLS,East Timor,2013,renewables_share,43.064516129032256,4.736222199466852,6.071255475676887,7.810710540041732
ARE,United Arab Emirates,2014,co2_per_capita,26.045,3.2638926592326136,5.050164319248826,6.432452863105906
CUW,Curacao,2014,co2_per_capita,41.182,5.61711627736747,5.050164319248826,6.432452863105906
QAT,Qatar,2014,co2_per_capita,41.31,5.637015373827882,5.050164319248826,6.432452863105906
TTO,Trinidad and Tobago,2014,co2_per_capita,32.978,4.3417085636079165,5.050164319248826,6.432452863105906
AGO,Angola,2014,renewables_share,32.71500843170321,3.5336121587596754,6.095142783358889,7.533329763526764
COG,Congo,2014,renewables_share,46.5180040212027,5.365869078711305,6.095142783358889,7.533329763526764
GAB,Gabon,2014,renewables_share,50.30902348578493,5.869101989467019,6.095142783358889,7.533329763526764
TGO,Togo,2014,renewables_share,29.24211938296446,3.0726089692334413,6.095142783358889,7.533329763526764
TLS,East Timor,2014,renewables_share,29.82456140350878,3.1499243183323564,6.095142783358889,7.533329763526764
ARE,United Arab Emirates,2015,co2_per_capita,25.943,3.2905577230540555,5.000347417840376,6.3644689881696355
CUW,Curacao,2015,co2_per_capita,44.002,6.128029322580792,5.000347417840376,6.3644689881696355
KWT,Kuwait,2015,co2_per_capita,24.337,3.0382193106923556,5.000347417840376,6.3644689881696355
QAT,Qatar,2015,co2_per_capita,38.441,5.254272217261108,5.000347417840376,6.3644689881696355
TTO,Trinidad and Tobago,2015,co2_per_capita,31.86,4.220250366854914,5.000347417840376,6.3644689881696355
AGO,Angola,2015,renewables_share,35.98618433012177,3.732532034411032,6.137824302164202,7.9968128211034735
COG,Congo,2015,renewables_share,44.03051268405179,4.738473843215304,6.137824302164202,7.9968128211034735
GAB,Gabon,2015,renewables_share,52.130977130977136,5.751435460317099,6.137824302164202,7.9968128211034735
TGO,Togo,2015,renewables_share,45.27252502780867,4.8937872626415055,6.137824302164202,7.9968128211034735
ARE,United Arab Emirates,2016,co2_per_capita,25.235,3.3828257448498884,4.933859154929578,6.001237538166861
CUW,Curacao,2016,co2_per_capita,36.97,5.338255758304175,4.933859154929578,6.001237538166861
KWT,Kuwait,2016,co2_per_capita,25.979,3.5068001743351878,4.933859154929578,6.001237538166861
QAT,Qatar,2016,co2_per_capita,35.154,5.03565150568952,4.933859154929578,6.001237538166861
TTO,Trinidad and Tobago,2016,co2_per_capita,27.743,3.800739547469688,4.933859154929578,6.001237538166861
AGO,Angola,2016,renewables_share,38.47875598837666,4.154320543587408,6.0029486122973434,7.817357143085369
BTN,Bhutan,2016,renewables_share,29.935897435897445,3.061514062302928,6.0029486122973434,7.817357143085369
COG,Congo,2016,renewables_share,43.23380478435481,4.76258862050188,6.0029486122973434,7.817357143085369
GAB,Gabon,2016,renewables_share,52.41403883841083,5.936928475522595,6.0029486122973434,7.817357143085369
TGO,Togo,2016,renewables_share,35.7610117749673,3.8066654264340016,6.0029486122973434,7.817357143085369
CUW,Curacao,2017,co2_per_capita,29.482,4.153917396566305,4.947436619718309,5.9063676616589325
KWT,Kuwait,2017,co2_per_capita,24.072,3.237956807942792,4.947436619718309,5.9063676616589325
QAT,Qatar,2017,co2_per_capita,39.035,5.771324328751226,4.947436619718309,5.9063676616589325
TTO,Trinidad and Tobago,2017,co2_per_capita,27.882,3.8830233222968746,4.947436619718309,5.9063676616589325
AGO,Angola,2017,renewables_share,34.49430108893691,3.5039351725390815,6.194620860569948,8.076542183244777
CMR,Cameroon,2017,renewables_share,30.8286370277604,3.050069647168444,6.194620860569948,8.076542183244777
COG,Congo,2017,renewables_share,45.018580782162445,4.807002680198328,6.194620860569948,8.076542183244777
GAB,Gabon,2017,renewables_share,53.97200508998364,5.915574158521756,6.194620860569948,8.076542183244777
TGO,Togo,2017,renewables_share,39.95815899581589,4.180444721169193,6.194620860569948,8.076542183244777
CUW,Curacao,2018,co2_per_capita,23.809,3.275212712061396,4.909352112676056,5.770510055033537
KWT,Kuwait,2018,co2_per_capita,23.697,3.25580368254202,4.909352112676056,5.770510055033537
QAT,Qatar,2018,co2_per_capita,37.166,5.5899127771533665,4.909352112676056,5.770510055033537
TTO,Trinidad and Tobago,2018,co2_per_capita,27.41,3.899247670090608,4.909352112676056,5.770510055033537
CMR,Cameroon,2018,renewables_share,31.55221454693213,3.2184226732228574,6.159124767806165,7.889917626542783
COG,Congo,2018,renewables_share,49.61038961038961,5.5071886551017135,6.159124767806165,7.889917626542783
GAB,Gabon,2018,renewables_share,49.09221642998382,5.441513295112835,6.159124767806165,7.889917626542783
TGO,Togo,2018,renewables_share,30.4818092428712,3.082755185331737,6.159124767806165,7.889917626542783
ARE,United Arab Emirates,2019,co2_per_capita,21.76,3.0100315525032815,4.839812206572771,5.621265923061711
BHR,Bahrain,2019,co2_per_capita,25.319,3.6431629589715118,4.839812206572771,5.621265923061711
KWT,Kuwait,2019,co2_per_capita,23.559,3.3300662252305493,4.839812206572771,5.621265923061711
QAT,Qatar,2019,co2_per_capita,36.252,5.5880985214658,4.839812206572771,5.621265923061711
SAU,Saudi Arabia,2019,co2_per_capita,23.245,3.2742069215972185,4.839812206572771,5.621265923061711
TTO,Trinidad and Tobago,2019,co2_per_capita,27.446,4.021547477532324,4.839812206572771,5.621265923061711
CMR,Cameroon,2019,renewables_share,31.650182196772505,3.157066073126888,6.169672797248094,8.070945874847487
COG,Congo,2019,renewables_share,47.05237181244858,5.065416079992363,6.169672797248094,8.070945874847487
GAB,Gabon,2019,renewables_share,52.57713572320315,5.749941041059453,6.169672797248094,8.070945874847487
TGO,Togo,2019,renewables_share,38.917089678511005,4.0574447393232855,6.169672797248094,8.070945874847487
PRK,North Korea,2019,coal_share,92.35959258833006,3.0419641661701697,21.90270938194445,23.161641412459755
ARE,United Arab Emirates,2020,co2_per_capita,22.783,3.4106293710505104,4.502173708920188,5.359956859061799
BHR,Bahrain,2020,co2_per_capita,25.238,3.8686554456166626,4.502173708920188,5.359956859061799
BRN,Brunei,2020,co2_per_capita,24.937,3.8124982772075335,4.502173708920188,5.359956859061799
QAT,Qatar,2020,co2_per_capita,36.145,5.903559883617896,4.502173708920188,5.359956859061799
SAU,Saudi Arabia,2020,co2_per_capita,21.089,3.094582051166574,4.502173708920188,5.359956859061799
TTO,Trinidad and Tobago,2020,co2_per_capita,23.661,3.574436659632621,4.502173708920188,5.359956859061799
CMR,Cameroon,2020,renewables_share,31.14450391107451,3.028348017945662,6.435922029546027,8.159095894893223
COG,Congo,2020,renewables_share,46.82818809430767,4.950581116474333,6.435922029546027,8.159095894893223
GAB,Gabon,2020,renewables_share,52.60823278921221,5.658998417773889,6.435922029546027,8.159095894893223
TGO,Togo,2020,renewables_share,31.406761177753538,3.0604909502089264,6.435922029546027,8.159095894893223
PRK,North Korea,2020,coal_share,92.03379233572748,3.0318964663706365,21.837342943803165,23.152653849012765
ARE,United Arab Emirates,2021,co2_per_capita,21.675,3.149239150835988,4.637760563380281,5.409954157370699
BHR,Bahrain,2021,co2_per_capita,24.148,3.606359475345707,4.637760563380281,5.409954157370699
BRN,Brunei,2021,co2_per_capita,25.92,3.9339038405018827,4.637760563380281,5.409954157370699
QAT,Qatar,2021,co2_per_capita,37.082,5.997137589866011,4.637760563380281,5.409954157370699
SAU,Saudi Arabia,2021,co2_per_capita,22.197,3.2457279536641614,4.637760563380281,5.409954157370699
TTO,Trinidad and Tobago,2021,co2_per_capita,24.46,3.6640309437027763,4.637760563380281,5.409954157370699
CMR,Cameroon,2021,renewables_share,32.99773988083008,3.2259043658759756,6.5001141242429386,8.214014661092369
COG,Congo,2021,renewables_share,42.62139862031651,4.397518873099973,6.5001141242429386,8.214014661092369
GAB,Gabon,2021,renewables_share,49.21550946798917,5.200306683901825,6.5001141242429386,8.214014661092369
TGO,Togo,2021,renewables_share,35.1145038167939,3.4836058703534842,6.5001141242429386,8.214014661092369
PRK,North Korea,2021,coal_share,91.1969612747823,3.0769006112568427,21.564018973294097,22.630871483705402
BHR,Bahrain,2022,co2_per_capita,24.668,3.6183222441312144,4.692014084507043,5.520786864103458
BRN,Brunei,2022,co2_per_capita,26.872,4.0175406987197375,4.692014084507043,5.520786864103458
KWT,Kuwait,2022,co2_per_capita,25.242,3.7222929305803127,4.692014084507043,5.520786864103458
QAT,Qatar,2022,co2_per_capita,37.89,6.0132707044621805,4.692014084507043,5.520786864103458
TTO,Trinidad and Tobago,2022,co2_per_capita,25.063,3.6898700161650013,4.692014084507043,5.520786864103458
CMR,Cameroon,2022,renewables_share,32.914624183006524,3.331581600004331,6.335925561468977,7.977802081000506
COG,Congo,2022,renewables_share,43.17140238313473,4.617246260018295,6.335925561468977,7.977802081000506
DJI,Djibouti,2022,renewables_share,33.81818181818183,3.444840568577538,6.335925561468977,7.977802081000506
GAB,Gabon,2022,renewables_share,49.403423828462735,5.398416484856266,6.335925561468977,7.977802081000506
TGO,Togo,2022,renewables_share,34.64768163563343,3.5488165520664112,6.335925561468977,7.977802081000506
PRK,North Korea,2022,coal_share,90.9413917461671,3.0293988121350823,21.59521039283572,22.89107035876107
BHR,Bahrain,2023,co2_per_capita,24.71,3.6468072419717936,4.611258215962441,5.511325510358032
BRN,Brunei,2023,co2_per_capita,27.241,4.106043408524325,4.611258215962441,5.511325510358032
KWT,Kuwait,2023,co2_per_capita,25.454,3.7818019902590647,4.611258215962441,5.511325510358032
QAT,Qatar,2023,co2_per_capita,40.128,6.444319377849683,4.611258215962441,5.511325510358032
TTO,Trinidad and Tobago,2023,co2_per_capita,23.644,3.453387347248364,4.611258215962441,5.511325510358032
CMR,Cameroon,2023,renewables_share,31.71738009283135,3.310108592441916,6.151352683100752,7.723621958538272
COG,Congo,2023,renewables_share,42.156151800821846,4.661646998131321,6.151352683100752,7.723621958538272
DJI,Djibouti,2023,renewables_share,33.33333333333334,3.519330800516924,6.151352683100752,7.723621958538272
GAB,Gabon,2023,renewables_share,46.08156361586168,5.169881584975696,6.151352683100752,7.723621958538272
TGO,Togo,2023,renewables_share,35.45488581055784,3.7940144254552437,6.151352683100752,7.723621958538272
PRK,North Korea,2023,coal_share,91.48891575977429,3.101198937245884,21.215151969341026,22.66019214260471
BHR,Bahrain,2024,co2_per_capita,24.27,3.5534401456631524,4.6315962441314555,5.5265891504705715
BRN,Brunei,2024,co2_per_capita,26.046,3.874795678279283,4.6315962441314555,5.5265891504705715
KWT,Kuwait,2024,co2_per_capita,26.248,3.9113462512457575,4.6315962441314555,5.5265891504705715
QAT,Qatar,2024,co2_per_capita,41.271,6.62965940805439,4.6315962441314555,5.5265891504705715
TTO,Trinidad and Tobago,2024,co2_per_capita,22.932,3.3113378356178913,4.6315962441314555,5.5265891504705715
CMR,Cameroon,2024,renewables_share,30.30523255813952,3.1670534115708056,6.028903629571989,7.665272975780625
COG,Congo,2024,renewables_share,45.10180995475113,5.0973926758557475,6.028903629571989,7.665272975780625
DJI,Djibouti,2024,renewables_share,32.97872340425532,3.515833012057706,6.028903629571989,7.665272975780625
GAB,Gabon,2024,renewables_share,46.13817373587702,5.232595138233853,6.028903629571989,7.665272975780625
TGO,Togo,2024,renewables_share,34.42265795206971,3.704206544530285,6.028903629571989,7.665272975780625
PRK,North Korea,2024,coal_share,91.3717026378897,3.1290496997786104,20.764339259279016,22.565114061181696
